{"transition":{"v":1,"dim":[2,2],"data":[0.25925925925925924,0.7407407407407407,0.9523809523809523,0.047619047619047616]},"emission":{"v":1,"dim":[2,6],"data":[0.017543859649122806,0.0,0.0,0.017543859649122806,0.7017543859649122,0.2631578947368421,0.046511627906976744,0.0,0.0,0.9418604651162791,0.011627906976744186,0.0]},"initial_probs":{"v":1,"dim":[2],"data":[0.75,0.25]}}