{"transition":{"v":1,"dim":[2,2],"data":[0.22123893805309736,0.7787610619469026,0.9565217391304348,0.043478260869565216]},"emission":{"v":1,"dim":[2,6],"data":[0.016666666666666666,0.0,0.008333333333333333,0.016666666666666666,0.6916666666666667,0.26666666666666666,0.043010752688172046,0.0,0.021505376344086023,0.9247311827956989,0.010752688172043012,0.0]},"initial_probs":{"v":1,"dim":[2],"data":[0.875,0.125]}}