{"transition":{"v":1,"dim":[2,2],"data":[0.046511627906976744,0.9534883720930233,0.7961165048543689,0.20388349514563106]},"emission":{"v":1,"dim":[2,6],"data":[0.045454545454545456,0.0,0.022727272727272728,0.9204545454545454,0.011363636363636364,0.0,0.01834862385321101,0.0,0.009174311926605505,0.01834862385321101,0.7064220183486238,0.24770642201834864]},"initial_probs":{"v":1,"dim":[2],"data":[0.25,0.75]}}