{"transition":{"v":1,"dim":[2,2],"data":[0.2236842105263158,0.7763157894736842,0.9344262295081968,0.06557377049180328]},"emission":{"v":1,"dim":[2,6],"data":[0.012658227848101266,0.0,0.0,0.012658227848101266,0.7088607594936709,0.26582278481012656,0.06349206349206349,0.0,0.0,0.9047619047619048,0.015873015873015872,0.015873015873015872]},"initial_probs":{"v":1,"dim":[2],"data":[1.0,0.0]}}