{"transition":{"v":1,"dim":[2,2],"data":[0.0,1.0,0.8669724770642202,0.13302752293577982]},"emission":{"v":1,"dim":[2,6],"data":[0.0,0.0,0.005291005291005291,0.005291005291005291,0.798941798941799,0.19047619047619047,0.0,0.004424778761061947,0.008849557522123894,0.8495575221238938,0.061946902654867256,0.0752212389380531]},"initial_probs":{"v":1,"dim":[2],"data":[0.0,1.0]}}