{"transition":{"v":1,"dim":[2,2],"data":[0.05,0.95,0.8010471204188482,0.19895287958115182]},"emission":{"v":1,"dim":[2,6],"data":[0.05454545454545454,0.0,0.012121212121212121,0.9272727272727272,0.006060606060606061,0.0,0.05025125628140704,0.0,0.005025125628140704,0.010050251256281407,0.7085427135678392,0.22613065326633167]},"initial_probs":{"v":1,"dim":[2],"data":[0.3076923076923077,0.6923076923076923]}}