{"transition":{"v":1,"dim":[2,2],"data":[0.040229885057471264,0.9597701149425287,0.8148148148148148,0.18518518518518517]},"emission":{"v":1,"dim":[2,6],"data":[0.04918032786885246,0.0,0.00546448087431694,0.00546448087431694,0.7595628415300546,0.18032786885245902,0.05429864253393665,0.004524886877828055,0.00904977375565611,0.8009049773755657,0.058823529411764705,0.07239819004524888]},"initial_probs":{"v":1,"dim":[2],"data":[0.0,1.0]}}