{"transition":{"v":1,"dim":[2,2],"data":[0.0,1.0,0.8625592417061612,0.13744075829383887]},"emission":{"v":1,"dim":[2,5],"data":[0.00510204081632653,0.01020408163265306,0.9795918367346939,0.00510204081632653,0.0,0.0,0.0045662100456621,0.0593607305936073,0.6940639269406392,0.2420091324200913]},"initial_probs":{"v":1,"dim":[2],"data":[0.9333333333333333,0.06666666666666667]}}